loss,binary_accuracy,iou,Dice Coefficent
0.10659891366958618,0.9981682300567627,0.8144872784614563,0.8932209610939026
