loss,binary_accuracy,iou,Dice Coefficent
0.1688556969165802,0.9972906708717346,0.7199670076370239,0.8311639428138733
